Id,dist,bodymass
1,0,0
2,0,0
3,0,0
4,0,0
5,0,0
6,0,0
7,0,0
8,0,0
9,0,0
10,0,0
11,0,0
12,0,0
13,0,0
14,0,0
15,0,0
16,0,0
17,0,0
18,0,0
19,0,0
20,0,0
21,0,0
22,0,0
23,0,0
24,0,0
25,0,0
26,0,0
27,0,0
28,0,0
29,0,0
30,0,0
31,0,0
32,0,0
33,0,0
34,0,0
35,0,0
36,0,0
37,0,0
38,0,0
39,0,0
40,0,0
41,0,0
42,0,0
43,0,0
44,0,0
45,0,0
46,0,0
47,0,0
48,0,0
49,0,0
50,0,0
51,0,0
52,0,0
53,0,0
54,0,0
55,0,0
56,0,0
57,0,0
58,0,0
59,0,0
60,0,0
61,0,0
62,0,0
63,0,0
64,0,0
65,0,0
66,0,0
67,0,0
68,0,0
69,0,0
70,0,0
71,0,0
72,0,0
73,0,0
74,0,0
75,0,0
76,0,0
77,0,0
78,0,0
79,0,0
80,0,0
81,0,0
82,0,0
83,0,0
84,0,0
85,0,0
86,0,0
87,0,0
88,0,0
89,0,0
90,0,0
91,0,0
92,0,0
93,0,0
94,0,0
95,0,0
96,0,0
97,0,0
98,0,0
99,0,0
100,0,0
101,0,0
102,0,0
103,0,0
104,0,0
105,0,0
106,0,0
107,0,0
108,0,0
109,0,0
110,0,0
111,0,0
112,0,0
113,0,0
114,0,0
115,0,0
116,0,0
117,0,0
118,0,0
119,0,0
120,0,0
121,0,0
122,0,0
123,0,0
124,5,302000
125,0,0
126,0,0
127,0,0
128,0,0
129,0,0
130,0,0
131,0,0
132,0,0
133,0,0
134,0,0
135,0,0
136,0,0
137,0,0
138,0,0
139,0,0
140,0,0
141,0,0
142,0,0
143,0,0
144,0,0
145,0,0
146,0,0
147,0,0
148,0,0
149,0,0
150,0,0
151,0,0
152,0,0
153,0,0
154,0,0
155,0,0
156,0,0
157,0,0
158,0,0
159,0,0
160,0,0
161,0,0
162,5,302000
163,0,0
164,0,0
165,0,0
166,0,0
167,0,0
168,0,0
169,0,0
170,0,0
171,0,0
172,0,0
173,0,0
174,0,0
175,0,0
176,0,0
177,0,0
178,0,0
179,0,0
180,0,0
181,0,0
182,0,0
183,0,0
184,0,0
185,0,0
186,0,0
187,0,0
188,0,0
189,0,0
190,0,0
191,0,0
192,0,0
193,0,0
194,0,0
195,0,0
196,0,0
197,0,0
198,0,0
199,0,0
200,0,0
201,5,302000
202,0,0
203,0,0
204,0,0
205,0,0
206,0,0
207,0,0
208,0,0
209,0,0
210,0,0
211,0,0
212,0,0
213,0,0
214,0,0
215,0,0
216,0,0
217,0,0
218,0,0
219,0,0
220,0,0
221,0,0
222,0,0
223,0,0
224,0,0
225,0,0
226,0,0
227,0,0
228,0,0
229,0,0
230,0,0
231,0,0
232,0,0
233,0,0
234,0,0
235,0,0
236,0,0
237,0,0
238,0,0
239,5,302000
240,5,302000
241,0,0
242,0,0
243,0,0
244,0,0
245,0,0
246,0,0
247,0,0
248,0,0
249,0,0
250,0,0
251,0,0
252,0,0
253,0,0
254,0,0
255,0,0
256,0,0
257,0,0
258,0,0
259,0,0
260,0,0
261,0,0
262,0,0
263,0,0
264,0,0
265,0,0
266,0,0
267,0,0
268,0,0
269,0,0
270,0,0
271,0,0
272,0,0
273,0,0
274,0,0
275,0,0
276,0,0
277,0,0
278,5,302000
279,5,302000
280,0,0
281,5,302000
282,5,302000
283,0,0
284,0,0
285,0,0
286,0,0
287,0,0
288,0,0
289,0,0
290,0,0
291,0,0
292,0,0
293,0,0
294,0,0
295,0,0
296,0,0
297,0,0
298,0,0
299,0,0
300,0,0
301,0,0
302,0,0
303,0,0
304,0,0
305,0,0
306,0,0
307,0,0
308,0,0
309,0,0
310,0,0
311,0,0
312,0,0
313,0,0
314,0,0
315,0,0
316,0,0
317,5,302000
318,5,302000
319,5,302000
320,5,302000
321,5,302000
322,0,0
323,0,0
324,0,0
325,0,0
326,0,0
327,0,0
328,0,0
329,0,0
330,0,0
331,0,0
332,0,0
333,0,0
334,0,0
335,0,0
336,0,0
337,0,0
338,0,0
339,0,0
340,0,0
341,0,0
342,0,0
343,0,0
344,0,0
345,0,0
346,0,0
347,0,0
348,0,0
349,0,0
350,0,0
351,0,0
352,0,0
353,0,0
354,0,0
355,0,0
356,180,216625
357,5,302000
358,5,302000
359,5,302000
360,5,302000
361,5,302000
362,5,302000
363,5,302000
364,0,0
365,0,0
366,0,0
367,0,0
368,0,0
369,0,0
370,0,0
371,0,0
372,0,0
373,0,0
374,0,0
375,0,0
376,0,0
377,0,0
378,0,0
379,0,0
380,0,0
381,0,0
382,0,0
383,0,0
384,0,0
385,0,0
386,0,0
387,0,0
388,0,0
389,0,0
390,0,0
391,0,0
392,0,0
393,0,0
394,0,0
395,0,0
396,0,0
397,180,216625
398,180,216625
399,5,302000
400,180,216625
401,180,131250
402,180,131250
403,180,131250
404,180,216625
405,5,302000
406,5,302000
407,6,205200
408,6,205200
409,0,0
410,0,0
411,0,0
412,0,0
413,0,0
414,0,0
415,0,0
416,0,0
417,0,0
418,0,0
419,0,0
420,0,0
421,0,0
422,0,0
423,0,0
424,0,0
425,0,0
426,0,0
427,0,0
428,0,0
429,0,0
430,0,0
431,0,0
432,101.7,53000
433,101.7,53000
434,101.7,53000
435,0,0
436,0,0
437,0,0
438,0,0
439,0,0
440,101.7,53000
441,180,216625
442,180,216625
443,180,216625
444,180,216625
445,180,216625
446,0,0
447,180,216625
448,180,216625
449,180,131250
450,180,131250
451,180,216625
452,180,180550
453,180,180550
454,6,205200
455,6,205200
456,6,205200
457,0,0
458,0,0
459,0,0
460,0,0
461,0,0
462,0,0
463,0,0
464,0,0
465,0,0
466,0,0
467,0,0
468,0,0
469,0,0
470,0,0
471,0,0
472,0,0
473,0,0
474,0,0
475,0,0
476,0,0
477,0,0
478,0,0
479,0,0
480,101.7,53000
481,101.7,53000
482,101.7,53000
483,101.7,53000
484,101.7,53000
485,101.7,53000
486,101.7,53000
487,101.7,53000
488,101.7,53000
489,0,0
490,180,131250
491,180,131250
492,180,131250
493,180,131250
494,180,131250
495,180,131250
496,180,131250
497,180,131250
498,180,131250
499,180,216625
500,180,216625
501,180,216625
502,180,216625
503,5,302000
504,5,302000
505,5,302000
506,5,302000
507,5,302000
508,5,302000
509,5,302000
510,0,0
511,180,131250
512,180,216625
513,180,216625
514,180,131250
515,180,131250
516,180,131250
517,180,180550
518,180,180550
519,6,205200
520,6,205200
521,5,302000
522,0,0
523,0,0
524,0,0
525,0,0
526,0,0
527,0,0
528,0,0
529,0,0
530,0,0
531,0,0
532,0,0
533,0,0
534,0,0
535,0,0
536,0,0
537,0,0
538,0,0
539,0,0
540,0,0
541,0,0
542,0,0
543,0,0
544,0,0
545,101.7,53000
546,101.7,53000
547,101.7,53000
548,101.7,53000
549,101.7,53000
550,101.7,53000
551,101.7,53000
552,101.7,53000
553,101.7,53000
554,101.7,53000
555,0,0
556,50,546250
557,0,0
558,0,0
559,0,0
560,0,0
561,0,0
562,0,0
563,0,0
564,0,0
565,0,0
566,0,0
567,0,0
568,0,0
569,0,0
570,5,302000
571,5,302000
572,5,302000
573,5,302000
574,5,302000
575,5,302000
576,5,302000
577,5,302000
578,0,0
579,0,0
580,0,0
581,180,131250
582,180,216625
583,180,216625
584,180,131250
585,180,131250
586,180,131250
587,180,216625
588,180,180550
589,6,205200
590,6,205200
591,0,0
592,0,0
593,0,0
594,0,0
595,0,0
596,0,0
597,0,0
598,0,0
599,0,0
600,0,0
601,0,0
602,0,0
603,0,0
604,0,0
605,0,0
606,0,0
607,0,0
608,0,0
609,0,0
610,0,0
611,0,0
612,0,0
613,0,0
614,0,0
615,101.7,53000
616,101.7,53000
617,101.7,53000
618,101.7,53000
619,101.7,53000
620,101.7,53000
621,101.7,53000
622,101.7,53000
623,101.7,53000
624,101.7,53000
625,50,546250
626,50,546250
627,0,0
628,0,0
629,0,0
630,0,0
631,0,0
632,0,0
633,0,0
634,0,0
635,0,0
636,0,0
637,0,0
638,0,0
639,0,0
640,0,0
641,0,0
642,0,0
643,0,0
644,5,302000
645,5,302000
646,5,302000
647,5,302000
648,5,302000
649,0,0
650,0,0
651,0,0
652,180,131250
653,180,216625
654,180,216625
655,180,131250
656,180,131250
657,180,131250
658,180,216625
659,180,180550
660,6,205200
661,5,302000
662,5,302000
663,5,302000
664,0,0
665,0,0
666,0,0
667,0,0
668,0,0
669,0,0
670,0,0
671,0,0
672,0,0
673,0,0
674,0,0
675,0,0
676,0,0
677,0,0
678,0,0
679,0,0
680,0,0
681,0,0
682,0,0
683,0,0
684,0,0
685,0,0
686,101.7,53000
687,101.7,53000
688,101.7,53000
689,101.7,53000
690,101.7,53000
691,101.7,53000
692,101.7,53000
693,101.7,53000
694,50,546250
695,50,546250
696,0,0
697,0,0
698,50,546250
699,50,546250
700,50,546250
701,0,0
702,0,0
703,0,0
704,0,0
705,0,0
706,0,0
707,0,0
708,0,0
709,0,0
710,0,0
711,0,0
712,0,0
713,0,0
714,0,0
715,0,0
716,5,302000
717,5,302000
718,5,302000
719,5,302000
720,0,0
721,0,0
722,0,0
723,180,131250
724,180,216625
725,180,216625
726,180,131250
727,180,131250
728,180,131250
729,180,131250
730,180,180550
731,6,205200
732,6,205200
733,5,302000
734,5,302000
735,5,302000
736,0,0
737,0,0
738,0,0
739,0,0
740,0,0
741,0,0
742,0,0
743,0,0
744,0,0
745,0,0
746,0,0
747,0,0
748,0,0
749,0,0
750,0,0
751,0,0
752,0,0
753,0,0
754,0,0
755,0,0
756,0,0
757,0,0
758,101.7,53000
759,101.7,53000
760,101.7,53000
761,101.7,53000
762,101.7,53000
763,101.7,53000
764,0,0
765,0,0
766,0,0
767,0,0
768,0,0
769,50,546250
770,50,546250
771,0,0
772,0,0
773,0,0
774,0,0
775,0,0
776,0,0
777,0,0
778,0,0
779,0,0
780,0,0
781,0,0
782,0,0
783,0,0
784,0,0
785,0,0
786,0,0
787,5,302000
788,5,302000
789,5,302000
790,5,302000
791,0,0
792,0,0
793,0,0
794,0,0
795,180,131250
796,180,131250
797,180,131250
798,180,131250
799,180,131250
800,180,131250
801,180,131250
802,6,205200
803,6,205200
804,6,205200
805,5,302000
806,5,302000
807,0,0
808,0,0
809,0,0
810,0,0
811,0,0
812,0,0
813,0,0
814,0,0
815,0,0
816,0,0
817,0,0
818,0,0
819,0,0
820,0,0
821,0,0
822,0,0
823,0,0
824,0,0
825,0,0
826,0,0
827,0,0
828,0,0
829,0,0
830,101.7,53000
831,101.7,53000
832,101.7,53000
833,101.7,53000
834,101.7,53000
835,0,0
836,0,0
837,0,0
838,0,0
839,0,0
840,0,0
841,0,0
842,50,546250
843,50,546250
844,50,546250
845,50,546250
846,50,546250
847,0,0
848,0,0
849,0,0
850,0,0
851,0,0
852,0,0
853,0,0
854,0,0
855,0,0
856,0,0
857,0,0
858,0,0
859,0,0
860,5,302000
861,5,302000
862,5,302000
863,5,302000
864,0,0
865,0,0
866,0,0
867,0,0
868,180,131250
869,180,131250
870,180,131250
871,180,131250
872,180,131250
873,180,131250
874,0,0
875,6,205200
876,6,205200
877,6,205200
878,6,205200
879,5,302000
880,5,302000
881,0,0
882,0,0
883,0,0
884,0,0
885,0,0
886,0,0
887,0,0
888,0,0
889,0,0
890,0,0
891,0,0
892,0,0
893,0,0
894,0,0
895,0,0
896,0,0
897,0,0
898,0,0
899,0,0
900,0,0
901,0,0
902,0,0
903,0,0
904,0,0
905,0,0
906,0,0
907,0,0
908,0,0
909,0,0
910,50,546250
911,50,546250
912,50,546250
913,0,0
914,0,0
915,0,0
916,0,0
917,0,0
918,0,0
919,50,546250
920,50,546250
921,0,0
922,50,546250
923,50,546250
924,0,0
925,0,0
926,0,0
927,0,0
928,0,0
929,0,0
930,0,0
931,0,0
932,0,0
933,0,0
934,0,0
935,0,0
936,0,0
937,5,302000
938,5,302000
939,5,302000
940,5,302000
941,0,0
942,0,0
943,0,0
944,0,0
945,0,0
946,0,0
947,0,0
948,0,0
949,0,0
950,0,0
951,0,0
952,5,302000
953,5,302000
954,6,205200
955,6,205200
956,5,302000
957,5,302000
958,5,302000
959,0,0
960,0,0
961,0,0
962,0,0
963,0,0
964,0,0
965,0,0
966,0,0
967,0,0
968,0,0
969,0,0
970,0,0
971,0,0
972,0,0
973,0,0
974,0,0
975,0,0
976,0,0
977,0,0
978,0,0
979,0,0
980,0,0
981,0,0
982,0,0
983,0,0
984,0,0
985,0,0
986,0,0
987,50,546250
988,50,546250
989,0,0
990,0,0
991,0,0
992,0,0
993,0,0
994,0,0
995,0,0
996,0,0
997,0,0
998,0,0
999,50,546250
1000,50,546250
1001,50,546250
1002,0,0
1003,0,0
1004,0,0
1005,0,0
1006,0,0
1007,0,0
1008,0,0
1009,0,0
1010,0,0
1011,0,0
1012,0,0
1013,0,0
1014,0,0
1015,5,302000
1016,5,302000
1017,5,302000
1018,0,0
1019,0,0
1020,0,0
1021,0,0
1022,0,0
1023,0,0
1024,0,0
1025,0,0
1026,0,0
1027,0,0
1028,0,0
1029,180,131250
1030,180,162083.3333
1031,180,148662.5
1032,180,148662.5
1033,6,205200
1034,6,205200
1035,5,302000
1036,0,0
1037,0,0
1038,0,0
1039,5,302000
1040,5,302000
1041,0,0
1042,0,0
1043,0,0
1044,0,0
1045,0,0
1046,0,0
1047,0,0
1048,0,0
1049,0,0
1050,0,0
1051,0,0
1052,0,0
1053,0,0
1054,0,0
1055,0,0
1056,0,0
1057,0,0
1058,0,0
1059,0,0
1060,0,0
1061,0,0
1062,0,0
1063,0,0
1064,0,0
1065,0,0
1066,0,0
1067,0,0
1068,0,0
1069,0,0
1070,0,0
1071,0,0
1072,0,0
1073,0,0
1074,50,546250
1075,50,546250
1076,0,0
1077,50,546250
1078,50,546250
1079,0,0
1080,0,0
1081,0,0
1082,0,0
1083,0,0
1084,0,0
1085,0,0
1086,0,0
1087,0,0
1088,0,0
1089,0,0
1090,0,0
1091,0,0
1092,0,0
1093,0,0
1094,0,0
1095,0,0
1096,0,0
1097,0,0
1098,0,0
1099,0,0
1100,0,0
1101,0,0
1102,0,0
1103,0,0
1104,0,0
1105,180,92125
1106,180,162083.3333
1107,180,148662.5
1108,180,148662.5
1109,180,180550
1110,6,205200
1111,5,302000
1112,5,302000
1113,5,302000
1114,5,302000
1115,5,302000
1116,5,302000
1117,5,302000
1118,0,0
1119,0,0
1120,0,0
1121,0,0
1122,0,0
1123,0,0
1124,0,0
1125,0,0
1126,0,0
1127,0,0
1128,0,0
1129,0,0
1130,0,0
1131,0,0
1132,0,0
1133,0,0
1134,0,0
1135,0,0
1136,0,0
1137,0,0
1138,0,0
1139,0,0
1140,0,0
1141,0,0
1142,0,0
1143,0,0
1144,0,0
1145,0,0
1146,0,0
1147,0,0
1148,0,0
1149,0,0
1150,50,546250
1151,50,546250
1152,50,546250
1153,50,546250
1154,50,546250
1155,50,546250
1156,50,546250
1157,0,0
1158,0,0
1159,0,0
1160,0,0
1161,0,0
1162,0,0
1163,0,0
1164,0,0
1165,0,0
1166,0,0
1167,0,0
1168,0,0
1169,0,0
1170,0,0
1171,0,0
1172,0,0
1173,0,0
1174,0,0
1175,0,0
1176,0,0
1177,0,0
1178,0,0
1179,0,0
1180,0,0
1181,180,92125
1182,180,92125
1183,180,162083.3333
1184,180,148662.5
1185,180,148662.5
1186,180,180550
1187,5,302000
1188,5,302000
1189,5,302000
1190,6,205200
1191,6,205200
1192,6,205200
1193,6,205200
1194,5,302000
1195,0,0
1196,0,0
1197,0,0
1198,0,0
1199,0,0
1200,0,0
1201,0,0
1202,0,0
1203,0,0
1204,0,0
1205,0,0
1206,0,0
1207,0,0
1208,0,0
1209,0,0
1210,0,0
1211,0,0
1212,0,0
1213,0,0
1214,0,0
1215,0,0
1216,0,0
1217,50,546250
1218,50,546250
1219,50,546250
1220,50,546250
1221,50,546250
1222,50,546250
1223,0,0
1224,50,546250
1225,50,546250
1226,50,546250
1227,50,546250
1228,50,546250
1229,50,546250
1230,50,546250
1231,50,546250
1232,50,546250
1233,50,546250
1234,50,546250
1235,50,546250
1236,0,0
1237,0,0
1238,0,0
1239,0,0
1240,0,0
1241,0,0
1242,0,0
1243,0,0
1244,0,0
1245,0,0
1246,0,0
1247,0,0
1248,0,0
1249,0,0
1250,0,0
1251,0,0
1252,0,0
1253,0,0
1254,0,0
1255,0,0
1256,0,0
1257,180,131250
1258,180,92125
1259,180,162083.3333
1260,180,148662.5
1261,180,162083.3333
1262,180,131250
1263,0,0
1264,0,0
1265,5,302000
1266,6,205200
1267,6,205200
1268,6,205200
1269,6,205200
1270,5,302000
1271,0,0
1272,0,0
1273,0,0
1274,0,0
1275,0,0
1276,0,0
1277,0,0
1278,0,0
1279,0,0
1280,0,0
1281,0,0
1282,0,0
1283,0,0
1284,0,0
1285,0,0
1286,0,0
1287,0,0
1288,0,0
1289,0,0
1290,0,0
1291,50,546250
1292,50,546250
1293,50,546250
1294,50,546250
1295,50,546250
1296,50,546250
1297,50,546250
1298,50,546250
1299,50,546250
1300,50,546250
1301,50,546250
1302,50,546250
1303,50,546250
1304,50,546250
1305,50,546250
1306,50,546250
1307,50,546250
1308,50,546250
1309,50,546250
1310,50,546250
1311,50,546250
1312,0,0
1313,0,0
1314,0,0
1315,0,0
1316,0,0
1317,0,0
1318,0,0
1319,0,0
1320,0,0
1321,0,0
1322,0,0
1323,0,0
1324,0,0
1325,0,0
1326,0,0
1327,0,0
1328,0,0
1329,0,0
1330,0,0
1331,0,0
1332,0,0
1333,0,0
1334,180,92125
1335,180,92125
1336,180,92125
1337,180,92125
1338,180,131250
1339,0,0
1340,0,0
1341,0,0
1342,0,0
1343,0,0
1344,0,0
1345,0,0
1346,0,0
1347,0,0
1348,0,0
1349,0,0
1350,0,0
1351,0,0
1352,0,0
1353,0,0
1354,0,0
1355,0,0
1356,0,0
1357,0,0
1358,0,0
1359,0,0
1360,0,0
1361,0,0
1362,0,0
1363,0,0
1364,0,0
1365,100,338125
1366,100,338125
1367,50,546250
1368,50,546250
1369,50,546250
1370,50,546250
1371,50,546250
1372,50,546250
1373,50,546250
1374,50,546250
1375,50,546250
1376,50,546250
1377,50,546250
1378,50,546250
1379,50,546250
1380,50,546250
1381,50,546250
1382,50,546250
1383,50,546250
1384,50,546250
1385,50,546250
1386,50,546250
1387,50,546250
1388,50,546250
1389,0,0
1390,0,0
1391,0,0
1392,0,0
1393,0,0
1394,0,0
1395,0,0
1396,0,0
1397,0,0
1398,0,0
1399,0,0
1400,0,0
1401,0,0
1402,0,0
1403,0,0
1404,0,0
1405,0,0
1406,0,0
1407,0,0
1408,180,92125
1409,180,92125
1410,180,92125
1411,180,92125
1412,0,0
1413,0,0
1414,0,0
1415,0,0
1416,0,0
1417,0,0
1418,0,0
1419,0,0
1420,0,0
1421,0,0
1422,0,0
1423,0,0
1424,0,0
1425,0,0
1426,0,0
1427,0,0
1428,0,0
1429,0,0
1430,0,0
1431,0,0
1432,0,0
1433,0,0
1434,0,0
1435,0,0
1436,0,0
1437,0,0
1438,100,338125
1439,100,338125
1440,100,338125
1441,100,338125
1442,100,338125
1443,100,338125
1444,100,338125
1445,50,546250
1446,50,546250
1447,50,546250
1448,50,546250
1449,50,546250
1450,50,546250
1451,50,546250
1452,50,546250
1453,50,546250
1454,50,546250
1455,50,546250
1456,50,546250
1457,50,546250
1458,50,546250
1459,50,546250
1460,50,546250
1461,50,546250
1462,50,546250
1463,50,546250
1464,50,546250
1465,0,0
1466,0,0
1467,0,0
1468,0,0
1469,0,0
1470,0,0
1471,0,0
1472,0,0
1473,0,0
1474,0,0
1475,0,0
1476,0,0
1477,0,0
1478,0,0
1479,0,0
1480,101.7,53000
1481,180,92125
1482,180,92125
1483,180,92125
1484,180,131250
1485,0,0
1486,0,0
1487,0,0
1488,0,0
1489,0,0
1490,0,0
1491,0,0
1492,0,0
1493,0,0
1494,0,0
1495,0,0
1496,0,0
1497,0,0
1498,0,0
1499,0,0
1500,0,0
1501,0,0
1502,0,0
1503,0,0
1504,0,0
1505,0,0
1506,0,0
1507,0,0
1508,0,0
1509,0,0
1510,0,0
1511,100,338125
1512,100,338125
1513,100,338125
1514,100,338125
1515,100,338125
1516,100,338125
1517,100,338125
1518,100,338125
1519,100,338125
1520,100,338125
1521,50,546250
1522,50,546250
1523,50,546250
1524,50,546250
1525,50,546250
1526,50,546250
1527,50,546250
1528,50,546250
1529,50,546250
1530,50,546250
1531,50,546250
1532,50,546250
1533,50,546250
1534,50,546250
1535,50,546250
1536,50,546250
1537,50,546250
1538,0,0
1539,0,0
1540,0,0
1541,0,0
1542,0,0
1543,0,0
1544,0,0
1545,0,0
1546,0,0
1547,0,0
1548,0,0
1549,0,0
1550,0,0
1551,0,0
1552,0,0
1553,101.7,53000
1554,180,92125
1555,180,92125
1556,180,131250
1557,180,131250
1558,0,0
1559,0,0
1560,0,0
1561,0,0
1562,0,0
1563,0,0
1564,0,0
1565,0,0
1566,0,0
1567,0,0
1568,0,0
1569,0,0
1570,0,0
1571,0,0
1572,0,0
1573,0,0
1574,0,0
1575,0,0
1576,0,0
1577,0,0
1578,0,0
1579,0,0
1580,0,0
1581,0,0
1582,0,0
1583,0,0
1584,100,130000
1585,100,338125
1586,100,130000
1587,100,130000
1588,100,338125
1589,100,338125
1590,100,338125
1591,100,338125
1592,100,338125
1593,100,338125
1594,100,338125
1595,50,546250
1596,50,546250
1597,50,546250
1598,50,546250
1599,50,546250
1600,50,546250
1601,50,546250
1602,50,546250
1603,50,546250
1604,50,546250
1605,50,546250
1606,50,546250
1607,50,546250
1608,50,546250
1609,50,546250
1610,50,546250
1611,50,546250
1612,0,0
1613,0,0
1614,0,0
1615,0,0
1616,0,0
1617,0,0
1618,0,0
1619,0,0
1620,0,0
1621,0,0
1622,0,0
1623,0,0
1624,0,0
1625,0,0
1626,0,0
1627,101.7,53000
1628,180,92125
1629,180,131250
1630,180,131250
1631,180,131250
1632,0,0
1633,0,0
1634,0,0
1635,0,0
1636,0,0
1637,0,0
1638,0,0
1639,0,0
1640,0,0
1641,0,0
1642,0,0
1643,0,0
1644,0,0
1645,0,0
1646,0,0
1647,0,0
1648,0,0
1649,0,0
1650,0,0
1651,0,0
1652,0,0
1653,0,0
1654,0,0
1655,0,0
1656,0,0
1657,0,0
1658,0,0
1659,100,130000
1660,100,130000
1661,100,130000
1662,100,130000
1663,100,130000
1664,100,130000
1665,100,338125
1666,100,338125
1667,100,338125
1668,100,338125
1669,50,546250
1670,50,546250
1671,50,546250
1672,50,546250
1673,50,546250
1674,50,546250
1675,50,546250
1676,50,546250
1677,50,546250
1678,50,546250
1679,50,546250
1680,50,546250
1681,50,546250
1682,50,546250
1683,0,0
1684,0,0
1685,0,0
1686,0,0
1687,0,0
1688,0,0
1689,0,0
1690,0,0
1691,0,0
1692,0,0
1693,0,0
1694,0,0
1695,0,0
1696,0,0
1697,0,0
1698,0,0
1699,0,0
1700,0,0
1701,0,0
1702,180,131250
1703,180,131250
1704,180,131250
1705,180,131250
1706,180,131250
1707,0,0
1708,0,0
1709,0,0
1710,0,0
1711,0,0
1712,0,0
1713,0,0
1714,0,0
1715,0,0
1716,0,0
1717,0,0
1718,0,0
1719,0,0
1720,0,0
1721,0,0
1722,0,0
1723,0,0
1724,0,0
1725,0,0
1726,0,0
1727,0,0
1728,0,0
1729,0,0
1730,0,0
1731,0,0
1732,0,0
1733,100,130000
1734,100,130000
1735,100,130000
1736,100,130000
1737,0,0
1738,0,0
1739,0,0
1740,0,0
1741,0,0
1742,0,0
1743,50,546250
1744,50,546250
1745,50,546250
1746,50,546250
1747,50,546250
1748,50,546250
1749,50,546250
1750,50,546250
1751,50,546250
1752,50,546250
1753,50,546250
1754,50,546250
1755,50,546250
1756,50,546250
1757,50,546250
1758,50,546250
1759,50,546250
1760,0,0
1761,0,0
1762,0,0
1763,0,0
1764,0,0
1765,0,0
1766,0,0
1767,0,0
1768,0,0
1769,0,0
1770,0,0
1771,0,0
1772,0,0
1773,0,0
1774,0,0
1775,0,0
1776,0,0
1777,0,0
1778,180,131250
1779,180,131250
1780,180,131250
1781,180,131250
1782,180,131250
1783,0,0
1784,0,0
1785,0,0
1786,0,0
1787,0,0
1788,0,0
1789,0,0
1790,0,0
1791,0,0
1792,0,0
1793,0,0
1794,0,0
1795,0,0
1796,0,0
1797,0,0
1798,0,0
1799,0,0
1800,0,0
1801,0,0
1802,0,0
1803,0,0
1804,0,0
1805,0,0
1806,0,0
1807,0,0
1808,0,0
1809,100,130000
1810,100,130000
1811,100,130000
1812,100,130000
1813,0,0
1814,0,0
1815,0,0
1816,0,0
1817,0,0
1818,0,0
1819,0,0
1820,0,0
1821,0,0
1822,0,0
1823,0,0
1824,0,0
1825,50,546250
1826,50,546250
1827,50,546250
1828,50,546250
1829,50,546250
1830,50,546250
1831,50,546250
1832,50,546250
1833,50,546250
1834,50,546250
1835,50,546250
1836,50,546250
1837,0,0
1838,0,0
1839,0,0
1840,0,0
1841,0,0
1842,0,0
1843,0,0
1844,0,0
1845,0,0
1846,0,0
1847,50,546250
1848,50,546250
1849,50,546250
1850,0,0
1851,0,0
1852,0,0
1853,0,0
1854,180,131250
1855,180,131250
1856,180,131250
1857,180,131250
1858,180,131250
1859,180,131250
1860,0,0
1861,0,0
1862,0,0
1863,180,131250
1864,180,131250
1865,0,0
1866,0,0
1867,0,0
1868,0,0
1869,0,0
1870,0,0
1871,0,0
1872,0,0
1873,0,0
1874,0,0
1875,0,0
1876,0,0
1877,0,0
1878,0,0
1879,0,0
1880,0,0
1881,0,0
1882,0,0
1883,0,0
1884,100,130000
1885,100,130000
1886,100,130000
1887,0,0
1888,0,0
1889,0,0
1890,0,0
1891,0,0
1892,0,0
1893,0,0
1894,0,0
1895,0,0
1896,0,0
1897,0,0
1898,0,0
1899,0,0
1900,0,0
1901,0,0
1902,0,0
1903,50,546250
1904,50,546250
1905,50,546250
1906,50,546250
1907,50,546250
1908,50,546250
1909,50,546250
1910,50,546250
1911,0,0
1912,0,0
1913,0,0
1914,0,0
1915,0,0
1916,0,0
1917,0,0
1918,0,0
1919,50,546250
1920,50,546250
1921,50,546250
1922,50,546250
1923,50,546250
1924,50,546250
1925,0,0
1926,0,0
1927,180,131250
1928,180,131250
1929,180,131250
1930,180,131250
1931,180,131250
1932,180,131250
1933,0,0
1934,0,0
1935,0,0
1936,0,0
1937,0,0
1938,180,131250
1939,180,131250
1940,180,131250
1941,0,0
1942,0,0
1943,0,0
1944,0,0
1945,0,0
1946,0,0
1947,0,0
1948,0,0
1949,0,0
1950,0,0
1951,0,0
1952,0,0
1953,0,0
1954,0,0
1955,0,0
1956,0,0
1957,0,0
1958,0,0
1959,100,130000
1960,100,130000
1961,100,130000
1962,100,130000
1963,0,0
1964,0,0
1965,0,0
1966,0,0
1967,0,0
1968,0,0
1969,0,0
1970,0,0
1971,0,0
1972,0,0
1973,0,0
1974,0,0
1975,0,0
1976,0,0
1977,0,0
1978,0,0
1979,0,0
1980,50,546250
1981,50,546250
1982,50,546250
1983,50,546250
1984,50,546250
1985,50,546250
1986,0,0
1987,0,0
1988,0,0
1989,0,0
1990,0,0
1991,0,0
1992,0,0
1993,0,0
1994,180,131250
1995,180,338750
1996,180,338750
1997,180,131250
1998,180,131250
1999,180,131250
2000,180,131250
2001,180,131250
2002,180,131250
2003,180,131250
2004,180,131250
2005,180,131250
2006,180,131250
2007,180,131250
2008,0,0
2009,0,0
2010,0,0
2011,0,0
2012,0,0
2013,0,0
2014,180,131250
2015,180,131250
2016,180,131250
2017,0,0
2018,0,0
2019,0,0
2020,0,0
2021,0,0
2022,0,0
2023,0,0
2024,0,0
2025,0,0
2026,0,0
2027,0,0
2028,0,0
2029,0,0
2030,0,0
2031,0,0
2032,0,0
2033,0,0
2034,100,130000
2035,100,130000
2036,100,130000
2037,0,0
2038,0,0
2039,0,0
2040,0,0
2041,0,0
2042,0,0
2043,0,0
2044,0,0
2045,0,0
2046,0,0
2047,0,0
2048,0,0
2049,0,0
2050,0,0
2051,0,0
2052,0,0
2053,0,0
2054,0,0
2055,0,0
2056,50,546250
2057,50,338750
2058,50,338750
2059,0,0
2060,0,0
2061,0,0
2062,0,0
2063,0,0
2064,0,0
2065,0,0
2066,0,0
2067,0,0
2068,0,0
2069,180,131250
2070,180,338750
2071,180,338750
2072,180,131250
2073,180,131250
2074,180,131250
2075,180,131250
2076,180,131250
2077,180,131250
2078,180,131250
2079,180,131250
2080,180,131250
2081,180,131250
2082,0,0
2083,0,0
2084,0,0
2085,0,0
2086,0,0
2087,0,0
2088,0,0
2089,0,0
2090,180,131250
2091,180,131250
2092,0,0
2093,0,0
2094,0,0
2095,0,0
2096,0,0
2097,0,0
2098,0,0
2099,0,0
2100,0,0
2101,0,0
2102,0,0
2103,0,0
2104,0,0
2105,0,0
2106,0,0
2107,0,0
2108,0,0
2109,100,130000
2110,100,130000
2111,0,0
2112,0,0
2113,0,0
2114,0,0
2115,0,0
2116,0,0
2117,0,0
2118,0,0
2119,0,0
2120,0,0
2121,0,0
2122,0,0
2123,0,0
2124,0,0
2125,0,0
2126,0,0
2127,0,0
2128,0,0
2129,0,0
2130,20.2,131250
2131,20.2,131250
2132,20.2,131250
2133,20.2,131250
2134,0,0
2135,0,0
2136,0,0
2137,0,0
2138,0,0
2139,0,0
2140,0,0
2141,0,0
2142,0,0
2143,180,131250
2144,180,131250
2145,180,131250
2146,180,131250
2147,180,131250
2148,180,131250
2149,180,131250
2150,180,131250
2151,180,131250
2152,180,131250
2153,180,131250
2154,180,131250
2155,0,0
2156,0,0
2157,0,0
2158,0,0
2159,0,0
2160,0,0
2161,0,0
2162,0,0
2163,0,0
2164,0,0
2165,180,131250
2166,0,0
2167,0,0
2168,0,0
2169,0,0
2170,0,0
2171,0,0
2172,0,0
2173,0,0
2174,0,0
2175,0,0
2176,0,0
2177,0,0
2178,0,0
2179,0,0
2180,0,0
2181,0,0
2182,0,0
2183,0,0
2184,100,130000
2185,0,0
2186,0,0
2187,0,0
2188,0,0
2189,0,0
2190,0,0
2191,0,0
2192,0,0
2193,0,0
2194,0,0
2195,0,0
2196,0,0
2197,0,0
2198,0,0
2199,0,0
2200,0,0
2201,0,0
2202,0,0
2203,20.2,131250
2204,20.2,131250
2205,20.2,131250
2206,20.2,131250
2207,20.2,131250
2208,20.2,131250
2209,0,0
2210,0,0
2211,0,0
2212,0,0
2213,0,0
2214,0,0
2215,0,0
2216,0,0
2217,0,0
2218,0,0
2219,180,131250
2220,180,131250
2221,180,131250
2222,180,131250
2223,180,131250
2224,180,131250
2225,180,131250
2226,180,131250
2227,180,131250
2228,0,0
2229,0,0
2230,0,0
2231,0,0
2232,0,0
2233,0,0
2234,0,0
2235,0,0
2236,100,130000
2237,100,130000
2238,100,130000
2239,0,0
2240,0,0
2241,0,0
2242,0,0
2243,0,0
2244,0,0
2245,0,0
2246,0,0
2247,0,0
2248,0,0
2249,0,0
2250,0,0
2251,0,0
2252,0,0
2253,0,0
2254,0,0
2255,0,0
2256,0,0
2257,0,0
2258,0,0
2259,0,0
2260,100,130000
2261,100,130000
2262,100,130000
2263,100,130000
2264,0,0
2265,0,0
2266,0,0
2267,0,0
2268,0,0
2269,0,0
2270,0,0
2271,0,0
2272,0,0
2273,20.2,131250
2274,20.2,131250
2275,0,0
2276,0,0
2277,20.2,131250
2278,20.2,131250
2279,20.2,131250
2280,20.2,131250
2281,20.2,131250
2282,20.2,131250
2283,20.2,131250
2284,20.2,131250
2285,20.2,131250
2286,0,0
2287,0,0
2288,0,0
2289,0,0
2290,0,0
2291,0,0
2292,0,0
2293,0,0
2294,0,0
2295,0,0
2296,0,0
2297,0,0
2298,0,0
2299,0,0
2300,0,0
2301,0,0
2302,0,0
2303,0,0
2304,0,0
2305,0,0
2306,0,0
2307,0,0
2308,0,0
2309,0,0
2310,0,0
2311,0,0
2312,0,0
2313,0,0
2314,100,130000
2315,100,130000
2316,100,130000
2317,100,130000
2318,100,130000
2319,0,0
2320,0,0
2321,0,0
2322,0,0
2323,0,0
2324,0,0
2325,0,0
2326,0,0
2327,0,0
2328,0,0
2329,0,0
2330,0,0
2331,0,0
2332,0,0
2333,0,0
2334,0,0
2335,0,0
2336,0,0
2337,0,0
2338,0,0
2339,0,0
2340,100,130000
2341,0,0
2342,0,0
2343,0,0
2344,0,0
2345,0,0
2346,20.2,131250
2347,20.2,131250
2348,20.2,131250
2349,20.2,131250
2350,20.2,131250
2351,20.2,131250
2352,20.2,131250
2353,20.2,131250
2354,20.2,131250
2355,20.2,131250
2356,20.2,131250
2357,20.2,131250
2358,20.2,131250
2359,20.2,131250
2360,20.2,131250
2361,0,0
2362,0,0
2363,0,0
2364,0,0
2365,0,0
2366,0,0
2367,0,0
2368,0,0
2369,0,0
2370,0,0
2371,0,0
2372,0,0
2373,0,0
2374,0,0
2375,0,0
2376,0,0
2377,0,0
2378,0,0
2379,0,0
2380,0,0
2381,0,0
2382,0,0
2383,0,0
2384,0,0
2385,0,0
2386,0,0
2387,0,0
2388,100,130000
2389,100,130000
2390,100,130000
2391,100,130000
2392,100,130000
2393,0,0
2394,0,0
2395,0,0
2396,0,0
2397,0,0
2398,0,0
2399,0,0
2400,0,0
2401,0,0
2402,0,0
2403,0,0
2404,0,0
2405,0,0
2406,0,0
2407,0,0
2408,0,0
2409,0,0
2410,0,0
2411,0,0
2412,0,0
2413,0,0
2414,100,130000
2415,100,130000
2416,0,0
2417,0,0
2418,20.2,131250
2419,20.2,131250
2420,20.2,131250
2421,20.2,131250
2422,20.2,131250
2423,20.2,131250
2424,20.2,131250
2425,20.2,131250
2426,20.2,131250
2427,20.2,131250
2428,20.2,131250
2429,20.2,131250
2430,20.2,131250
2431,20.2,131250
2432,20.2,131250
2433,0,0
2434,0,0
2435,0,0
2436,0,0
2437,0,0
2438,0,0
2439,0,0
2440,0,0
2441,0,0
2442,0,0
2443,0,0
2444,0,0
2445,0,0
2446,0,0
2447,0,0
2448,0,0
2449,0,0
2450,0,0
2451,0,0
2452,0,0
2453,0,0
2454,0,0
2455,0,0
2456,100,130000
2457,100,130000
2458,100,130000
2459,100,130000
2460,0,0
2461,0,0
2462,0,0
2463,0,0
2464,0,0
2465,0,0
2466,0,0
2467,0,0
2468,0,0
2469,0,0
2470,0,0
2471,0,0
2472,0,0
2473,0,0
2474,0,0
2475,0,0
2476,0,0
2477,0,0
2478,0,0
2479,0,0
2480,0,0
2481,0,0
2482,100,130000
2483,0,0
2484,20.2,131250
2485,20.2,131250
2486,20.2,131250
2487,20.2,131250
2488,20.2,131250
2489,20.2,131250
2490,20.2,131250
2491,20.2,131250
2492,20.2,131250
2493,20.2,131250
2494,20.2,131250
2495,0,0
2496,100,130000
2497,100,130000
2498,100,130000
2499,100,130000
2500,100,130000
2501,0,0
2502,0,0
2503,0,0
2504,0,0
2505,0,0
2506,0,0
2507,0,0
2508,0,0
2509,0,0
2510,0,0
2511,100,130000
2512,100,130000
2513,100,130000
2514,0,0
2515,0,0
2516,0,0
2517,0,0
2518,0,0
2519,0,0
2520,0,0
2521,0,0
2522,0,0
2523,0,0
2524,0,0
2525,0,0
2526,0,0
2527,0,0
2528,0,0
2529,0,0
2530,0,0
2531,0,0
2532,0,0
2533,0,0
2534,0,0
2535,0,0
2536,100,130000
2537,0,0
2538,0,0
2539,0,0
2540,0,0
2541,0,0
2542,0,0
2543,0,0
2544,0,0
2545,0,0
2546,100,130000
2547,100,130000
2548,100,130000
2549,100,130000
2550,100,130000
2551,100,130000
2552,100,130000
2553,0,0
2554,0,0
2555,0,0
2556,0,0
2557,0,0
2558,0,0
2559,0,0
2560,0,0
2561,0,0
2562,0,0
2563,0,0
2564,0,0
2565,0,0
2566,0,0
2567,0,0
2568,0,0
2569,0,0
2570,0,0
2571,0,0
2572,0,0
2573,0,0
2574,0,0
2575,0,0
2576,0,0
2577,0,0
2578,0,0
2579,0,0
2580,0,0
2581,0,0
2582,0,0
2583,0,0
2584,0,0
2585,0,0
2586,100,130000
2587,100,130000
2588,100,130000
2589,100,130000
2590,100,130000
2591,100,130000
2592,100,130000
2593,100,130000
2594,100,130000
2595,100,130000
2596,0,0
2597,100,130000
2598,100,130000
2599,100,130000
2600,100,130000
2601,100,130000
2602,100,130000
2603,100,130000
2604,100,130000
2605,100,130000
2606,100,130000
2607,100,130000
2608,100,130000
2609,100,130000
2610,0,0
2611,0,0
2612,0,0
2613,0,0
2614,0,0
2615,0,0
2616,0,0
2617,0,0
2618,0,0
2619,0,0
2620,0,0
2621,0,0
2622,0,0
2623,0,0
2624,0,0
2625,0,0
2626,0,0
2627,0,0
2628,0,0
2629,0,0
2630,0,0
2631,0,0
2632,180,131250
2633,180,131250
2634,100,130000
2635,100,130000
2636,100,130000
2637,100,130000
2638,100,130000
2639,100,130000
2640,100,130000
2641,100,130000
2642,100,130000
2643,100,130000
2644,100,130000
2645,100,130000
2646,100,130000
2647,100,130000
2648,100,130000
2649,100,130000
2650,100,130000
2651,100,130000
2652,100,130000
2653,100,130000
2654,100,130000
2655,100,130000
2656,100,130000
2657,0,0
2658,0,0
2659,0,0
2660,0,0
2661,0,0
2662,0,0
2663,0,0
2664,0,0
2665,0,0
2666,0,0
2667,0,0
2668,0,0
2669,0,0
2670,0,0
2671,0,0
2672,0,0
2673,0,0
2674,0,0
2675,0,0
2676,0,0
2677,0,0
2678,0,0
2679,180,131250
2680,180,131250
2681,180,131250
2682,180,131250
2683,180,131250
2684,100,130000
2685,100,130000
2686,100,130000
2687,100,130000
2688,100,130000
2689,100,130000
2690,100,130000
2691,100,130000
2692,100,130000
2693,100,130000
2694,100,130000
2695,100,130000
2696,100,130000
2697,100,130000
2698,100,130000
2699,100,130000
2700,100,130000
2701,100,130000
2702,100,130000
2703,100,130000
2704,100,130000
2705,0,0
2706,0,0
2707,0,0
2708,0,0
2709,0,0
2710,0,0
2711,0,0
2712,0,0
2713,180,131250
2714,180,131250
2715,180,131250
2716,0,0
2717,0,0
2718,0,0
2719,0,0
2720,0,0
2721,0,0
2722,0,0
2723,0,0
2724,0,0
2725,0,0
2726,0,0
2727,180,131250
2728,180,131250
2729,180,131250
2730,180,131250
2731,180,131250
2732,180,131250
2733,100,130000
2734,100,130000
2735,100,130000
2736,100,130000
2737,100,130000
2738,100,130000
2739,100,130000
2740,100,130000
2741,100,130000
2742,0,0
2743,100,130000
2744,100,130000
2745,100,130000
2746,100,130000
2747,100,130000
2748,0,0
2749,0,0
2750,0,0
2751,100,130000
2752,0,0
2753,0,0
2754,0,0
2755,0,0
2756,180,131250
2757,180,131250
2758,180,131250
2759,180,131250
2760,180,131250
2761,180,131250
2762,0,0
2763,0,0
2764,0,0
2765,0,0
2766,0,0
2767,0,0
2768,0,0
2769,0,0
2770,180,131250
2771,180,131250
2772,180,131250
2773,180,131250
2774,180,131250
2775,180,131250
2776,180,131250
2777,100,130000
2778,100,130000
2779,100,130000
2780,100,130000
2781,100,130000
2782,100,130000
2783,100,130000
2784,0,0
2785,0,0
2786,0,0
2787,0,0
2788,0,0
2789,0,0
2790,0,0
2791,180,131250
2792,180,131250
2793,180,131250
2794,180,131250
2795,180,131250
2796,180,131250
2797,180,131250
2798,0,0
2799,0,0
2800,0,0
2801,0,0
2802,0,0
2803,0,0
2804,0,0
2805,0,0
2806,180,131250
2807,180,131250
2808,180,131250
2809,180,131250
2810,180,131250
2811,180,131250
2812,180,131250
2813,180,92125
2814,180,92125
2815,0,0
2816,0,0
2817,0,0
2818,0,0
2819,0,0
2820,0,0
2821,0,0
2822,0,0
2823,0,0
2824,0,0
2825,0,0
2826,180,131250
2827,180,131250
2828,180,131250
2829,180,131250
2830,180,131250
2831,180,131250
2832,180,131250
2833,0,0
2834,0,0
2835,0,0
2836,0,0
2837,0,0
2838,0,0
2839,0,0
2840,180,131250
2841,180,131250
2842,180,131250
2843,180,131250
2844,180,131250
2845,180,131250
2846,180,131250
2847,180,92125
2848,100,130000
2849,0,0
2850,0,0
2851,0,0
2852,0,0
2853,0,0
2854,0,0
2855,0,0
2856,0,0
2857,0,0
2858,180,131250
2859,180,131250
2860,180,131250
2861,180,131250
2862,180,131250
2863,180,131250
2864,0,0
2865,0,0
2866,0,0
2867,0,0
2868,0,0
2869,0,0
2870,0,0
2871,180,131250
2872,180,131250
2873,180,131250
2874,180,131250
2875,180,131250
2876,180,131250
2877,180,131250
2878,180,131250
2879,100,130000
2880,0,0
2881,0,0
2882,0,0
2883,0,0
2884,0,0
2885,0,0
2886,0,0
2887,0,0
2888,196,356998
2889,180,131250
2890,180,131250
2891,0,0
2892,0,0
2893,0,0
2894,0,0
2895,0,0
2896,0,0
2897,180,131250
2898,180,131250
2899,180,131250
2900,180,131250
2901,180,131250
2902,180,131250
2903,180,131250
2904,180,131250
2905,100,130000
2906,100,130000
2907,100,130000
2908,0,0
2909,0,0
2910,0,0
2911,0,0
2912,0,0
2913,196,356998
2914,196,356998
2915,196,243499
2916,180,131250
2917,180,131250
2918,0,0
2919,0,0
2920,0,0
2921,0,0
2922,0,0
2923,0,0
2924,180,131250
2925,180,131250
2926,180,131250
2927,180,131250
2928,180,131250
2929,180,131250
2930,180,131250
2931,180,131250
2932,180,131250
2933,0,0
2934,196,356998
2935,196,356998
2936,196,356998
2937,180,131250
2938,180,131250
2939,180,131250
2940,0,0
2941,0,0
2942,0,0
2943,0,0
2944,0,0
2945,180,131250
2946,180,131250
2947,180,131250
2948,180,131250
2949,180,131250
2950,180,131250
2951,180,131250
2952,180,131250
2953,180,131250
2954,180,131250
2955,180,131250
2956,0,0
2957,196,356998
2958,180,131250
2959,180,131250
2960,180,131250
2961,0,0
2962,0,0
2963,0,0
2964,0,0
2965,180,131250
2966,180,131250
2967,180,131250
2968,180,131250
2969,180,131250
2970,180,131250
2971,180,131250
2972,180,131250
2973,180,131250
2974,180,131250
2975,180,131250
2976,180,131250
2977,180,131250
2978,180,131250
2979,180,131250
2980,180,131250
2981,180,131250
2982,180,131250
2983,0,0
2984,0,0
2985,0,0
2986,0,0
2987,180,131250
2988,180,131250
2989,180,131250
2990,180,131250
2991,180,131250
2992,180,131250
2993,180,131250
2994,180,131250
2995,180,131250
2996,180,131250
2997,180,131250
2998,180,131250
2999,180,131250
3000,180,131250
3001,0,0
3002,0,0
3003,0,0
3004,180,131250
3005,180,131250
3006,180,131250
3007,180,131250
3008,180,131250
3009,180,131250
3010,180,131250
3011,180,131250
3012,180,131250
3013,180,131250
3014,180,131250
3015,180,131250
3016,180,131250
3017,180,131250
3018,180,131250
3019,180,131250
3020,0,0
3021,0,0
3022,180,131250
3023,180,131250
3024,180,131250
3025,180,131250
3026,180,131250
3027,180,131250
3028,180,131250
3029,180,131250
3030,180,131250
3031,180,131250
3032,196,244124
3033,196,244124
3034,180,131250
3035,180,131250
3036,180,131250
3037,180,131250
3038,180,131250
3039,180,131250
3040,196,244124
3041,196,244124
3042,196,244124
3043,196,244124
3044,180,131250
3045,180,131250
3046,180,131250
3047,180,131250
3048,196,244124
3049,196,244124
3050,196,244124
3051,196,244124
3052,196,244124
3053,196,244124
3054,196,244124
3055,180,131250
3056,196,244124
3057,196,244124
3058,196,244124
3059,196,244124
3060,196,244124
3061,196,244124
3062,196,244124
3063,196,244124
3064,196,244124
3065,196,244124
3066,196,244124
3067,196,244124
3068,196,244124
3069,196,244124
3070,196,244124
3071,196,244124
3072,196,244124
3073,196,244124
3074,196,244124
3075,196,244124
3076,196,244124
3077,196,244124
3078,196,244124
3079,196,244124
3080,196,244124
